Plot,FPractice,Order,Family,Number,Pollinator
Plot42,LS,Diptera,Bombylildae,1,yes
Plot42,LS,Diptera,Calliphoridae,6,no
Plot42,LS,Diptera,Muscidae,6,no
Plot42,LS,Diptera,Rhiniidae,1,no
Plot42,LS,Diptera,Sarcophagidae,1,no
Plot42,LS,Diptera,Syrphidae,6,yes
Plot42,LS,Hymenoptera,Apidae,7,yes
Plot42,LS,Hymenoptera,Braconidae,1,no
Plot42,LS,Hymenoptera,Ichneumonidae,3,no
Plot42,LS,Hymenoptera,Mutilidae,1,no
Plot42,LS,Hymenoptera,Philanthidae,4,no
Plot42,LS,Hymenoptera,Scoliidae,1,no
Plot42,LS,Hymenoptera,Vespidae,1,no
Plot43,LS,Diptera,Bombylildae,1,yes
Plot43,LS,Diptera,Calliphoridae,3,no
Plot43,LS,Diptera,Muscidae,3,no
Plot43,LS,Diptera,Rhiniidae,1,no
Plot43,LS,Diptera,Sarcophagidae,1,no
Plot43,LS,Diptera,Syrphidae,5,yes
Plot43,LS,Hymenoptera,Apidae,12,yes
Plot43,LS,Hymenoptera,Braconidae,3,no
Plot43,LS,Hymenoptera,Ichneumonidae,1,no
Plot43,LS,Hymenoptera,Mutilidae,1,no
Plot43,LS,Hymenoptera,Philanthidae,1,no
Plot43,LS,Hymenoptera,Scoliidae,1,no
Plot43,LS,Hymenoptera,Vespidae,3,no
Plot44,LS,Diptera,Bombylildae,1,yes
Plot44,LS,Diptera,Calliphoridae,5,no
Plot44,LS,Diptera,Muscidae,8,no
Plot44,LS,Diptera,Rhiniidae,1,no
Plot44,LS,Diptera,Sarcophagidae,1,no
Plot44,LS,Diptera,Syrphidae,14,yes
Plot44,LS,Hymenoptera,Apidae,21,yes
Plot44,LS,Hymenoptera,Braconidae,1,no
Plot44,LS,Hymenoptera,Ichneumonidae,1,no
Plot44,LS,Hymenoptera,Mutilidae,1,no
Plot44,LS,Hymenoptera,Philanthidae,6,no
Plot44,LS,Hymenoptera,Scoliidae,1,no
Plot44,LS,Hymenoptera,Vespidae,1,no
Plot45,LS,Diptera,Bombylildae,1,yes
Plot45,LS,Diptera,Calliphoridae,3,no
Plot45,LS,Diptera,Muscidae,2,no
Plot45,LS,Diptera,Rhiniidae,1,no
Plot45,LS,Diptera,Sarcophagidae,1,no
Plot45,LS,Diptera,Syrphidae,7,yes
Plot45,LS,Hymenoptera,Apidae,6,yes
Plot45,LS,Hymenoptera,Braconidae,1,no
Plot45,LS,Hymenoptera,Ichneumonidae,1,no
Plot45,LS,Hymenoptera,Mutilidae,1,no
Plot45,LS,Hymenoptera,Philanthidae,1,no
Plot45,LS,Hymenoptera,Scoliidae,1,no
Plot45,LS,Hymenoptera,Vespidae,1,no
Plot01,SH,Diptera,Bombylildae,1,yes
Plot01,SH,Diptera,Calliphoridae,4,no
Plot01,SH,Diptera,Muscidae,1,no
Plot01,SH,Diptera,Rhiniidae,1,no
Plot01,SH,Diptera,Sarcophagidae,1,no
Plot01,SH,Diptera,Syrphidae,1,yes
Plot01,SH,Hymenoptera,Apidae,20,yes
Plot01,SH,Hymenoptera,Braconidae,1,no
Plot01,SH,Hymenoptera,Ichneumonidae,1,no
Plot01,SH,Hymenoptera,Mutilidae,1,no
Plot01,SH,Hymenoptera,Philanthidae,1,no
Plot01,SH,Hymenoptera,Scoliidae,1,no
Plot01,SH,Hymenoptera,Vespidae,1,no
Plot02,SH,Diptera,Bombylildae,1,yes
Plot02,SH,Diptera,Calliphoridae,1,no
Plot02,SH,Diptera,Muscidae,1,no
Plot02,SH,Diptera,Rhiniidae,1,no
Plot02,SH,Diptera,Sarcophagidae,1,no
Plot02,SH,Diptera,Syrphidae,7,yes
Plot02,SH,Hymenoptera,Apidae,29,yes
Plot02,SH,Hymenoptera,Braconidae,1,no
Plot02,SH,Hymenoptera,Ichneumonidae,1,no
Plot02,SH,Hymenoptera,Mutilidae,1,no
Plot02,SH,Hymenoptera,Philanthidae,1,no
Plot02,SH,Hymenoptera,Scoliidae,1,no
Plot02,SH,Hymenoptera,Vespidae,1,no
Plot03,SH,Diptera,Bombylildae,1,yes
Plot03,SH,Diptera,Calliphoridae,1,no
Plot03,SH,Diptera,Muscidae,1,no
Plot03,SH,Diptera,Rhiniidae,1,no
Plot03,SH,Diptera,Sarcophagidae,1,no
Plot03,SH,Diptera,Syrphidae,8,yes
Plot03,SH,Hymenoptera,Apidae,30,yes
Plot03,SH,Hymenoptera,Braconidae,1,no
Plot03,SH,Hymenoptera,Ichneumonidae,1,no
Plot03,SH,Hymenoptera,Mutilidae,1,no
Plot03,SH,Hymenoptera,Philanthidae,1,no
Plot03,SH,Hymenoptera,Scoliidae,1,no
Plot03,SH,Hymenoptera,Vespidae,1,no
Plot04,SH,Diptera,Bombylildae,1,yes
Plot04,SH,Diptera,Calliphoridae,1,no
Plot04,SH,Diptera,Muscidae,1,no
Plot04,SH,Diptera,Rhiniidae,1,no
Plot04,SH,Diptera,Sarcophagidae,1,no
Plot04,SH,Diptera,Syrphidae,1,yes
Plot04,SH,Hymenoptera,Apidae,19,yes
Plot04,SH,Hymenoptera,Braconidae,1,no
Plot04,SH,Hymenoptera,Ichneumonidae,1,no
Plot04,SH,Hymenoptera,Mutilidae,1,no
Plot04,SH,Hymenoptera,Philanthidae,1,no
Plot04,SH,Hymenoptera,Scoliidae,1,no
Plot04,SH,Hymenoptera,Vespidae,1,no
Plot05,SH,Diptera,Bombylildae,1,yes
Plot05,SH,Diptera,Calliphoridae,3,no
Plot05,SH,Diptera,Muscidae,1,no
Plot05,SH,Diptera,Rhiniidae,1,no
Plot05,SH,Diptera,Sarcophagidae,1,no
Plot05,SH,Diptera,Syrphidae,1,yes
Plot05,SH,Hymenoptera,Apidae,1,yes
Plot05,SH,Hymenoptera,Braconidae,1,no
Plot05,SH,Hymenoptera,Ichneumonidae,1,no
Plot05,SH,Hymenoptera,Mutilidae,1,no
Plot05,SH,Hymenoptera,Philanthidae,1,no
Plot05,SH,Hymenoptera,Scoliidae,1,no
Plot05,SH,Hymenoptera,Vespidae,1,no
Plot06,SH,Diptera,Bombylildae,1,yes
Plot06,SH,Diptera,Calliphoridae,6,no
Plot06,SH,Diptera,Muscidae,1,no
Plot06,SH,Diptera,Rhiniidae,1,no
Plot06,SH,Diptera,Sarcophagidae,1,no
Plot06,SH,Diptera,Syrphidae,3,yes
Plot06,SH,Hymenoptera,Apidae,14,yes
Plot06,SH,Hymenoptera,Braconidae,1,no
Plot06,SH,Hymenoptera,Ichneumonidae,1,no
Plot06,SH,Hymenoptera,Mutilidae,1,no
Plot06,SH,Hymenoptera,Philanthidae,1,no
Plot06,SH,Hymenoptera,Scoliidae,1,no
Plot06,SH,Hymenoptera,Vespidae,1,no
Plot07,SH,Diptera,Bombylildae,1,yes
Plot07,SH,Diptera,Calliphoridae,4,no
Plot07,SH,Diptera,Muscidae,1,no
Plot07,SH,Diptera,Rhiniidae,1,no
Plot07,SH,Diptera,Sarcophagidae,1,no
Plot07,SH,Diptera,Syrphidae,1,yes
Plot07,SH,Hymenoptera,Apidae,11,yes
Plot07,SH,Hymenoptera,Braconidae,1,no
Plot07,SH,Hymenoptera,Ichneumonidae,1,no
Plot07,SH,Hymenoptera,Mutilidae,1,no
Plot07,SH,Hymenoptera,Philanthidae,1,no
Plot07,SH,Hymenoptera,Scoliidae,1,no
Plot07,SH,Hymenoptera,Vespidae,3,no
Plot08,SH,Diptera,Bombylildae,1,yes
Plot08,SH,Diptera,Calliphoridae,3,no
Plot08,SH,Diptera,Muscidae,1,no
Plot08,SH,Diptera,Rhiniidae,1,no
Plot08,SH,Diptera,Sarcophagidae,1,no
Plot08,SH,Diptera,Syrphidae,1,yes
Plot08,SH,Hymenoptera,Apidae,5,yes
Plot08,SH,Hymenoptera,Braconidae,1,no
Plot08,SH,Hymenoptera,Ichneumonidae,1,no
Plot08,SH,Hymenoptera,Mutilidae,1,no
Plot08,SH,Hymenoptera,Philanthidae,1,no
Plot08,SH,Hymenoptera,Scoliidae,1,no
Plot08,SH,Hymenoptera,Vespidae,3,no
Plot09,SH,Diptera,Bombylildae,1,yes
Plot09,SH,Diptera,Calliphoridae,1,no
Plot09,SH,Diptera,Muscidae,1,no
Plot09,SH,Diptera,Rhiniidae,1,no
Plot09,SH,Diptera,Sarcophagidae,1,no
Plot09,SH,Diptera,Syrphidae,3,yes
Plot09,SH,Hymenoptera,Apidae,1,yes
Plot09,SH,Hymenoptera,Braconidae,1,no
Plot09,SH,Hymenoptera,Ichneumonidae,1,no
Plot09,SH,Hymenoptera,Mutilidae,1,no
Plot09,SH,Hymenoptera,Philanthidae,1,no
Plot09,SH,Hymenoptera,Scoliidae,1,no
Plot09,SH,Hymenoptera,Vespidae,3,no
Plot10,SH,Diptera,Bombylildae,1,yes
Plot10,SH,Diptera,Calliphoridae,6,no
Plot10,SH,Diptera,Muscidae,1,no
Plot10,SH,Diptera,Rhiniidae,1,no
Plot10,SH,Diptera,Sarcophagidae,1,no
Plot10,SH,Diptera,Syrphidae,1,yes
Plot10,SH,Hymenoptera,Apidae,7,yes
Plot10,SH,Hymenoptera,Braconidae,1,no
Plot10,SH,Hymenoptera,Ichneumonidae,1,no
Plot10,SH,Hymenoptera,Mutilidae,1,no
Plot10,SH,Hymenoptera,Philanthidae,1,no
Plot10,SH,Hymenoptera,Scoliidae,1,no
Plot10,SH,Hymenoptera,Vespidae,4,no
Plot11,SH,Diptera,Bombylildae,1,yes
Plot11,SH,Diptera,Calliphoridae,3,no
Plot11,SH,Diptera,Muscidae,1,no
Plot11,SH,Diptera,Rhiniidae,1,no
Plot11,SH,Diptera,Sarcophagidae,1,no
Plot11,SH,Diptera,Syrphidae,6,yes
Plot11,SH,Hymenoptera,Apidae,21,yes
Plot11,SH,Hymenoptera,Braconidae,1,no
Plot11,SH,Hymenoptera,Ichneumonidae,1,no
Plot11,SH,Hymenoptera,Mutilidae,1,no
Plot11,SH,Hymenoptera,Philanthidae,1,no
Plot11,SH,Hymenoptera,Scoliidae,1,no
Plot11,SH,Hymenoptera,Vespidae,3,no
Plot12,SH,Diptera,Bombylildae,1,yes
Plot12,SH,Diptera,Calliphoridae,1,no
Plot12,SH,Diptera,Muscidae,1,no
Plot12,SH,Diptera,Rhiniidae,1,no
Plot12,SH,Diptera,Sarcophagidae,1,no
Plot12,SH,Diptera,Syrphidae,3,yes
Plot12,SH,Hymenoptera,Apidae,1,yes
Plot12,SH,Hymenoptera,Braconidae,1,no
Plot12,SH,Hymenoptera,Ichneumonidae,1,no
Plot12,SH,Hymenoptera,Mutilidae,1,no
Plot12,SH,Hymenoptera,Philanthidae,1,no
Plot12,SH,Hymenoptera,Scoliidae,1,no
Plot12,SH,Hymenoptera,Vespidae,1,no
Plot13,SH,Diptera,Bombylildae,1,yes
Plot13,SH,Diptera,Calliphoridae,1,no
Plot13,SH,Diptera,Muscidae,1,no
Plot13,SH,Diptera,Rhiniidae,1,no
Plot13,SH,Diptera,Sarcophagidae,1,no
Plot13,SH,Diptera,Syrphidae,6,yes
Plot13,SH,Hymenoptera,Apidae,19,yes
Plot13,SH,Hymenoptera,Braconidae,1,no
Plot13,SH,Hymenoptera,Ichneumonidae,1,no
Plot13,SH,Hymenoptera,Mutilidae,1,no
Plot13,SH,Hymenoptera,Philanthidae,1,no
Plot13,SH,Hymenoptera,Scoliidae,1,no
Plot13,SH,Hymenoptera,Vespidae,1,no
Plot14,SH,Diptera,Bombylildae,1,yes
Plot14,SH,Diptera,Calliphoridae,6,no
Plot14,SH,Diptera,Muscidae,1,no
Plot14,SH,Diptera,Rhiniidae,1,no
Plot14,SH,Diptera,Sarcophagidae,1,no
Plot14,SH,Diptera,Syrphidae,3,yes
Plot14,SH,Hymenoptera,Apidae,8,yes
Plot14,SH,Hymenoptera,Braconidae,1,no
Plot14,SH,Hymenoptera,Ichneumonidae,1,no
Plot14,SH,Hymenoptera,Mutilidae,1,no
Plot14,SH,Hymenoptera,Philanthidae,1,no
Plot14,SH,Hymenoptera,Scoliidae,1,no
Plot14,SH,Hymenoptera,Vespidae,1,no
Plot15,SH,Diptera,Bombylildae,1,yes
Plot15,SH,Diptera,Calliphoridae,4,no
Plot15,SH,Diptera,Muscidae,1,no
Plot15,SH,Diptera,Rhiniidae,1,no
Plot15,SH,Diptera,Sarcophagidae,1,no
Plot15,SH,Diptera,Syrphidae,4,yes
Plot15,SH,Hymenoptera,Apidae,24,yes
Plot15,SH,Hymenoptera,Braconidae,1,no
Plot15,SH,Hymenoptera,Ichneumonidae,1,no
Plot15,SH,Hymenoptera,Mutilidae,1,no
Plot15,SH,Hymenoptera,Philanthidae,1,no
Plot15,SH,Hymenoptera,Scoliidae,1,no
Plot15,SH,Hymenoptera,Vespidae,1,no
Plot16,SH,Diptera,Bombylildae,1,yes
Plot16,SH,Diptera,Calliphoridae,1,no
Plot16,SH,Diptera,Muscidae,1,no
Plot16,SH,Diptera,Rhiniidae,3,no
Plot16,SH,Diptera,Sarcophagidae,1,no
Plot16,SH,Diptera,Syrphidae,5,yes
Plot16,SH,Hymenoptera,Apidae,16,yes
Plot16,SH,Hymenoptera,Braconidae,1,no
Plot16,SH,Hymenoptera,Ichneumonidae,1,no
Plot16,SH,Hymenoptera,Mutilidae,1,no
Plot16,SH,Hymenoptera,Philanthidae,1,no
Plot16,SH,Hymenoptera,Scoliidae,1,no
Plot16,SH,Hymenoptera,Vespidae,1,no
Plot17,SH,Diptera,Bombylildae,1,yes
Plot17,SH,Diptera,Calliphoridae,3,no
Plot17,SH,Diptera,Muscidae,1,no
Plot17,SH,Diptera,Rhiniidae,1,no
Plot17,SH,Diptera,Sarcophagidae,1,no
Plot17,SH,Diptera,Syrphidae,4,yes
Plot17,SH,Hymenoptera,Apidae,23,yes
Plot17,SH,Hymenoptera,Braconidae,1,no
Plot17,SH,Hymenoptera,Ichneumonidae,1,no
Plot17,SH,Hymenoptera,Mutilidae,1,no
Plot17,SH,Hymenoptera,Philanthidae,1,no
Plot17,SH,Hymenoptera,Scoliidae,1,no
Plot17,SH,Hymenoptera,Vespidae,1,no
Plot18,SH,Diptera,Bombylildae,1,yes
Plot18,SH,Diptera,Calliphoridae,3,no
Plot18,SH,Diptera,Muscidae,1,no
Plot18,SH,Diptera,Rhiniidae,1,no
Plot18,SH,Diptera,Sarcophagidae,1,no
Plot18,SH,Diptera,Syrphidae,1,yes
Plot18,SH,Hymenoptera,Apidae,19,yes
Plot18,SH,Hymenoptera,Braconidae,1,no
Plot18,SH,Hymenoptera,Ichneumonidae,1,no
Plot18,SH,Hymenoptera,Mutilidae,1,no
Plot18,SH,Hymenoptera,Philanthidae,1,no
Plot18,SH,Hymenoptera,Scoliidae,1,no
Plot18,SH,Hymenoptera,Vespidae,1,no
Plot19,SH,Diptera,Bombylildae,1,yes
Plot19,SH,Diptera,Calliphoridae,4,no
Plot19,SH,Diptera,Muscidae,1,no
Plot19,SH,Diptera,Rhiniidae,3,no
Plot19,SH,Diptera,Sarcophagidae,1,no
Plot19,SH,Diptera,Syrphidae,5,yes
Plot19,SH,Hymenoptera,Apidae,12,yes
Plot19,SH,Hymenoptera,Braconidae,1,no
Plot19,SH,Hymenoptera,Ichneumonidae,1,no
Plot19,SH,Hymenoptera,Mutilidae,1,no
Plot19,SH,Hymenoptera,Philanthidae,1,no
Plot19,SH,Hymenoptera,Scoliidae,1,no
Plot19,SH,Hymenoptera,Vespidae,1,no
Plot20,SH,Diptera,Bombylildae,1,yes
Plot20,SH,Diptera,Calliphoridae,3,no
Plot20,SH,Diptera,Muscidae,1,no
Plot20,SH,Diptera,Rhiniidae,1,no
Plot20,SH,Diptera,Sarcophagidae,1,no
Plot20,SH,Diptera,Syrphidae,3,yes
Plot20,SH,Hymenoptera,Apidae,11,yes
Plot20,SH,Hymenoptera,Braconidae,1,no
Plot20,SH,Hymenoptera,Ichneumonidae,1,no
Plot20,SH,Hymenoptera,Mutilidae,1,no
Plot20,SH,Hymenoptera,Philanthidae,1,no
Plot20,SH,Hymenoptera,Scoliidae,1,no
Plot20,SH,Hymenoptera,Vespidae,1,no
Plot21,SH,Diptera,Bombylildae,1,yes
Plot21,SH,Diptera,Calliphoridae,1,no
Plot21,SH,Diptera,Muscidae,1,no
Plot21,SH,Diptera,Rhiniidae,1,no
Plot21,SH,Diptera,Sarcophagidae,1,no
Plot21,SH,Diptera,Syrphidae,1,yes
Plot21,SH,Hymenoptera,Apidae,47,yes
Plot21,SH,Hymenoptera,Braconidae,1,no
Plot21,SH,Hymenoptera,Ichneumonidae,1,no
Plot21,SH,Hymenoptera,Mutilidae,1,no
Plot21,SH,Hymenoptera,Philanthidae,1,no
Plot21,SH,Hymenoptera,Scoliidae,1,no
Plot21,SH,Hymenoptera,Vespidae,1,no
Plot22,SH,Diptera,Bombylildae,1,yes
Plot22,SH,Diptera,Calliphoridae,8,no
Plot22,SH,Diptera,Muscidae,1,no
Plot22,SH,Diptera,Rhiniidae,3,no
Plot22,SH,Diptera,Sarcophagidae,1,no
Plot22,SH,Diptera,Syrphidae,4,yes
Plot22,SH,Hymenoptera,Apidae,12,yes
Plot22,SH,Hymenoptera,Braconidae,1,no
Plot22,SH,Hymenoptera,Ichneumonidae,1,no
Plot22,SH,Hymenoptera,Mutilidae,1,no
Plot22,SH,Hymenoptera,Philanthidae,1,no
Plot22,SH,Hymenoptera,Scoliidae,1,no
Plot22,SH,Hymenoptera,Vespidae,1,no
Plot23,SH,Diptera,Bombylildae,1,yes
Plot23,SH,Diptera,Calliphoridae,1,no
Plot23,SH,Diptera,Muscidae,1,no
Plot23,SH,Diptera,Rhiniidae,1,no
Plot23,SH,Diptera,Sarcophagidae,1,no
Plot23,SH,Diptera,Syrphidae,1,yes
Plot23,SH,Hymenoptera,Apidae,26,yes
Plot23,SH,Hymenoptera,Braconidae,1,no
Plot23,SH,Hymenoptera,Ichneumonidae,1,no
Plot23,SH,Hymenoptera,Mutilidae,1,no
Plot23,SH,Hymenoptera,Philanthidae,1,no
Plot23,SH,Hymenoptera,Scoliidae,1,no
Plot23,SH,Hymenoptera,Vespidae,3,no
Plot24,SH,Diptera,Bombylildae,3,yes
Plot24,SH,Diptera,Calliphoridae,4,no
Plot24,SH,Diptera,Muscidae,1,no
Plot24,SH,Diptera,Rhiniidae,1,no
Plot24,SH,Diptera,Sarcophagidae,1,no
Plot24,SH,Diptera,Syrphidae,5,yes
Plot24,SH,Hymenoptera,Apidae,9,yes
Plot24,SH,Hymenoptera,Braconidae,1,no
Plot24,SH,Hymenoptera,Ichneumonidae,1,no
Plot24,SH,Hymenoptera,Mutilidae,3,no
Plot24,SH,Hymenoptera,Philanthidae,1,no
Plot24,SH,Hymenoptera,Scoliidae,1,no
Plot24,SH,Hymenoptera,Vespidae,3,no
Plot25,SH,Diptera,Bombylildae,1,yes
Plot25,SH,Diptera,Calliphoridae,1,no
Plot25,SH,Diptera,Muscidae,3,no
Plot25,SH,Diptera,Rhiniidae,3,no
Plot25,SH,Diptera,Sarcophagidae,1,no
Plot25,SH,Diptera,Syrphidae,3,yes
Plot25,SH,Hymenoptera,Apidae,20,yes
Plot25,SH,Hymenoptera,Braconidae,1,no
Plot25,SH,Hymenoptera,Ichneumonidae,1,no
Plot25,SH,Hymenoptera,Mutilidae,1,no
Plot25,SH,Hymenoptera,Philanthidae,1,no
Plot25,SH,Hymenoptera,Scoliidae,1,no
Plot25,SH,Hymenoptera,Vespidae,1,no
Plot26,SH,Diptera,Bombylildae,1,yes
Plot26,SH,Diptera,Calliphoridae,5,no
Plot26,SH,Diptera,Muscidae,1,no
Plot26,SH,Diptera,Rhiniidae,1,no
Plot26,SH,Diptera,Sarcophagidae,1,no
Plot26,SH,Diptera,Syrphidae,3,yes
Plot26,SH,Hymenoptera,Apidae,16,yes
Plot26,SH,Hymenoptera,Braconidae,1,no
Plot26,SH,Hymenoptera,Ichneumonidae,1,no
Plot26,SH,Hymenoptera,Mutilidae,1,no
Plot26,SH,Hymenoptera,Philanthidae,1,no
Plot26,SH,Hymenoptera,Scoliidae,1,no
Plot26,SH,Hymenoptera,Vespidae,3,no
Plot27,SH,Diptera,Bombylildae,1,yes
Plot27,SH,Diptera,Calliphoridae,3,no
Plot27,SH,Diptera,Muscidae,3,no
Plot27,SH,Diptera,Rhiniidae,1,no
Plot27,SH,Diptera,Sarcophagidae,1,no
Plot27,SH,Diptera,Syrphidae,1,yes
Plot27,SH,Hymenoptera,Apidae,22,yes
Plot27,SH,Hymenoptera,Braconidae,1,no
Plot27,SH,Hymenoptera,Ichneumonidae,1,no
Plot27,SH,Hymenoptera,Mutilidae,1,no
Plot27,SH,Hymenoptera,Philanthidae,1,no
Plot27,SH,Hymenoptera,Scoliidae,1,no
Plot27,SH,Hymenoptera,Vespidae,1,no
Plot28,SH,Diptera,Bombylildae,4,yes
Plot28,SH,Diptera,Calliphoridae,1,no
Plot28,SH,Diptera,Muscidae,1,no
Plot28,SH,Diptera,Rhiniidae,1,no
Plot28,SH,Diptera,Sarcophagidae,1,no
Plot28,SH,Diptera,Syrphidae,1,yes
Plot28,SH,Hymenoptera,Apidae,1,yes
Plot28,SH,Hymenoptera,Braconidae,1,no
Plot28,SH,Hymenoptera,Ichneumonidae,1,no
Plot28,SH,Hymenoptera,Mutilidae,1,no
Plot28,SH,Hymenoptera,Philanthidae,1,no
Plot28,SH,Hymenoptera,Scoliidae,1,no
Plot28,SH,Hymenoptera,Vespidae,1,no
Plot29,SH,Diptera,Bombylildae,1,yes
Plot29,SH,Diptera,Calliphoridae,3,no
Plot29,SH,Diptera,Muscidae,1,no
Plot29,SH,Diptera,Rhiniidae,3,no
Plot29,SH,Diptera,Sarcophagidae,3,no
Plot29,SH,Diptera,Syrphidae,5,yes
Plot29,SH,Hymenoptera,Apidae,15,yes
Plot29,SH,Hymenoptera,Braconidae,1,no
Plot29,SH,Hymenoptera,Ichneumonidae,1,no
Plot29,SH,Hymenoptera,Mutilidae,1,no
Plot29,SH,Hymenoptera,Philanthidae,3,no
Plot29,SH,Hymenoptera,Scoliidae,1,no
Plot29,SH,Hymenoptera,Vespidae,1,no
Plot30,SH,Diptera,Bombylildae,1,yes
Plot30,SH,Diptera,Calliphoridae,9,no
Plot30,SH,Diptera,Muscidae,1,no
Plot30,SH,Diptera,Rhiniidae,3,no
Plot30,SH,Diptera,Sarcophagidae,1,no
Plot30,SH,Diptera,Syrphidae,5,yes
Plot30,SH,Hymenoptera,Apidae,38,yes
Plot30,SH,Hymenoptera,Braconidae,1,no
Plot30,SH,Hymenoptera,Ichneumonidae,1,no
Plot30,SH,Hymenoptera,Mutilidae,1,no
Plot30,SH,Hymenoptera,Philanthidae,1,no
Plot30,SH,Hymenoptera,Scoliidae,1,no
Plot30,SH,Hymenoptera,Vespidae,1,no
Plot31,SH,Diptera,Bombylildae,1,yes
Plot31,SH,Diptera,Calliphoridae,3,no
Plot31,SH,Diptera,Muscidae,1,no
Plot31,SH,Diptera,Rhiniidae,1,no
Plot31,SH,Diptera,Sarcophagidae,1,no
Plot31,SH,Diptera,Syrphidae,3,yes
Plot31,SH,Hymenoptera,Apidae,16,yes
Plot31,SH,Hymenoptera,Braconidae,1,no
Plot31,SH,Hymenoptera,Ichneumonidae,1,no
Plot31,SH,Hymenoptera,Mutilidae,1,no
Plot31,SH,Hymenoptera,Philanthidae,1,no
Plot31,SH,Hymenoptera,Scoliidae,3,no
Plot31,SH,Hymenoptera,Vespidae,1,no
Plot32,SH,Diptera,Bombylildae,1,yes
Plot32,SH,Diptera,Calliphoridae,5,no
Plot32,SH,Diptera,Muscidae,1,no
Plot32,SH,Diptera,Rhiniidae,1,no
Plot32,SH,Diptera,Sarcophagidae,1,no
Plot32,SH,Diptera,Syrphidae,1,yes
Plot32,SH,Hymenoptera,Apidae,6,yes
Plot32,SH,Hymenoptera,Braconidae,1,no
Plot32,SH,Hymenoptera,Ichneumonidae,1,no
Plot32,SH,Hymenoptera,Mutilidae,1,no
Plot32,SH,Hymenoptera,Philanthidae,1,no
Plot32,SH,Hymenoptera,Scoliidae,1,no
Plot32,SH,Hymenoptera,Vespidae,1,no
Plot33,SH,Diptera,Bombylildae,1,yes
Plot33,SH,Diptera,Calliphoridae,5,no
Plot33,SH,Diptera,Muscidae,1,no
Plot33,SH,Diptera,Rhiniidae,1,no
Plot33,SH,Diptera,Sarcophagidae,1,no
Plot33,SH,Diptera,Syrphidae,4,yes
Plot33,SH,Hymenoptera,Apidae,1,yes
Plot33,SH,Hymenoptera,Braconidae,1,no
Plot33,SH,Hymenoptera,Ichneumonidae,1,no
Plot33,SH,Hymenoptera,Mutilidae,1,no
Plot33,SH,Hymenoptera,Philanthidae,1,no
Plot33,SH,Hymenoptera,Scoliidae,1,no
Plot33,SH,Hymenoptera,Vespidae,1,no
Plot34,SH,Diptera,Bombylildae,1,yes
Plot34,SH,Diptera,Calliphoridae,8,no
Plot34,SH,Diptera,Muscidae,1,no
Plot34,SH,Diptera,Rhiniidae,1,no
Plot34,SH,Diptera,Sarcophagidae,1,no
Plot34,SH,Diptera,Syrphidae,1,yes
Plot34,SH,Hymenoptera,Apidae,6,yes
Plot34,SH,Hymenoptera,Braconidae,1,no
Plot34,SH,Hymenoptera,Ichneumonidae,1,no
Plot34,SH,Hymenoptera,Mutilidae,1,no
Plot34,SH,Hymenoptera,Philanthidae,1,no
Plot34,SH,Hymenoptera,Scoliidae,1,no
Plot34,SH,Hymenoptera,Vespidae,1,no
Plot35,SH,Diptera,Bombylildae,1,yes
Plot35,SH,Diptera,Calliphoridae,6,no
Plot35,SH,Diptera,Muscidae,1,no
Plot35,SH,Diptera,Rhiniidae,3,no
Plot35,SH,Diptera,Sarcophagidae,1,no
Plot35,SH,Diptera,Syrphidae,4,yes
Plot35,SH,Hymenoptera,Apidae,8,yes
Plot35,SH,Hymenoptera,Braconidae,1,no
Plot35,SH,Hymenoptera,Ichneumonidae,1,no
Plot35,SH,Hymenoptera,Mutilidae,1,no
Plot35,SH,Hymenoptera,Philanthidae,1,no
Plot35,SH,Hymenoptera,Scoliidae,1,no
Plot35,SH,Hymenoptera,Vespidae,1,no
Plot36,SH,Diptera,Bombylildae,1,yes
Plot36,SH,Diptera,Calliphoridae,1,no
Plot36,SH,Diptera,Muscidae,1,no
Plot36,SH,Diptera,Rhiniidae,1,no
Plot36,SH,Diptera,Sarcophagidae,1,no
Plot36,SH,Diptera,Syrphidae,7,yes
Plot36,SH,Hymenoptera,Apidae,9,yes
Plot36,SH,Hymenoptera,Braconidae,1,no
Plot36,SH,Hymenoptera,Ichneumonidae,1,no
Plot36,SH,Hymenoptera,Mutilidae,1,no
Plot36,SH,Hymenoptera,Philanthidae,1,no
Plot36,SH,Hymenoptera,Scoliidae,1,no
Plot36,SH,Hymenoptera,Vespidae,1,no
Plot37,SH,Diptera,Bombylildae,1,yes
Plot37,SH,Diptera,Calliphoridae,1,no
Plot37,SH,Diptera,Muscidae,1,no
Plot37,SH,Diptera,Rhiniidae,1,no
Plot37,SH,Diptera,Sarcophagidae,1,no
Plot37,SH,Diptera,Syrphidae,1,yes
Plot37,SH,Hymenoptera,Apidae,13,yes
Plot37,SH,Hymenoptera,Braconidae,1,no
Plot37,SH,Hymenoptera,Ichneumonidae,1,no
Plot37,SH,Hymenoptera,Mutilidae,1,no
Plot37,SH,Hymenoptera,Philanthidae,1,no
Plot37,SH,Hymenoptera,Scoliidae,1,no
Plot37,SH,Hymenoptera,Vespidae,1,no
Plot38,SH,Diptera,Bombylildae,1,yes
Plot38,SH,Diptera,Calliphoridae,1,no
Plot38,SH,Diptera,Muscidae,1,no
Plot38,SH,Diptera,Rhiniidae,1,no
Plot38,SH,Diptera,Sarcophagidae,1,no
Plot38,SH,Diptera,Syrphidae,1,yes
Plot38,SH,Hymenoptera,Apidae,12,yes
Plot38,SH,Hymenoptera,Braconidae,1,no
Plot38,SH,Hymenoptera,Ichneumonidae,1,no
Plot38,SH,Hymenoptera,Mutilidae,1,no
Plot38,SH,Hymenoptera,Philanthidae,1,no
Plot38,SH,Hymenoptera,Scoliidae,1,no
Plot38,SH,Hymenoptera,Vespidae,1,no
Plot39,SH,Diptera,Bombylildae,1,yes
Plot39,SH,Diptera,Calliphoridae,3,no
Plot39,SH,Diptera,Muscidae,1,no
Plot39,SH,Diptera,Rhiniidae,1,no
Plot39,SH,Diptera,Sarcophagidae,1,no
Plot39,SH,Diptera,Syrphidae,6,yes
Plot39,SH,Hymenoptera,Apidae,1,yes
Plot39,SH,Hymenoptera,Braconidae,1,no
Plot39,SH,Hymenoptera,Ichneumonidae,1,no
Plot39,SH,Hymenoptera,Mutilidae,1,no
Plot39,SH,Hymenoptera,Philanthidae,1,no
Plot39,SH,Hymenoptera,Scoliidae,1,no
Plot39,SH,Hymenoptera,Vespidae,1,no
Plot40,SH,Diptera,Bombylildae,1,yes
Plot40,SH,Diptera,Calliphoridae,1,no
Plot40,SH,Diptera,Muscidae,1,no
Plot40,SH,Diptera,Rhiniidae,1,no
Plot40,SH,Diptera,Sarcophagidae,1,no
Plot40,SH,Diptera,Syrphidae,1,yes
Plot40,SH,Hymenoptera,Apidae,6,yes
Plot40,SH,Hymenoptera,Braconidae,1,no
Plot40,SH,Hymenoptera,Ichneumonidae,1,no
Plot40,SH,Hymenoptera,Mutilidae,1,no
Plot40,SH,Hymenoptera,Philanthidae,1,no
Plot40,SH,Hymenoptera,Scoliidae,1,no
Plot40,SH,Hymenoptera,Vespidae,1,no
Plot41,SH,Diptera,Bombylildae,1,yes
Plot41,SH,Diptera,Calliphoridae,3,no
Plot41,SH,Diptera,Muscidae,1,no
Plot41,SH,Diptera,Rhiniidae,1,no
Plot41,SH,Diptera,Sarcophagidae,1,no
Plot41,SH,Diptera,Syrphidae,1,yes
Plot41,SH,Hymenoptera,Apidae,8,yes
Plot41,SH,Hymenoptera,Braconidae,1,no
Plot41,SH,Hymenoptera,Ichneumonidae,1,no
Plot41,SH,Hymenoptera,Mutilidae,1,no
Plot41,SH,Hymenoptera,Philanthidae,1,no
Plot41,SH,Hymenoptera,Scoliidae,1,no
Plot41,SH,Hymenoptera,Vespidae,1,no
